"source_nid","Additional","Street","City","Province"
"25994","","","",""
"40464","","","",""
"55856","","","",""
"59874","","","",""
"94956","","","",""
"131248","","","",""
"132122","","","",""
"132701","1510 E. University Blvd.","Main Library,","Tucson, AZ",""
"133284","3233 E. Speedway Blvd.","The Loft Cinema,","Tucson, AZ",""
"133468","1020 E. University Blvd.","Women's Plaza of Honor,","Tucson, AZ",""
"133607","1025 N. Olive Rd.","Tornabene Theatre,","Tucson, AZ",""
"133623","1031 N. Olive Rd.","University of Arizona Museum of Art,","Tucson, AZ",""
"133628","1305 N. Martin Ave.","Nursing Building, Room 470,","Tucson, AZ",""
"133632","1510 E. University Blvd.","Main Library,","Tucson, AZ",""
"133634","","","",""
"133656","","","",""
"133657","1040 E. 4th St.","Gould-Simpson Building, Room 228A,","Tucson, AZ",""
"133658","","","",""
"133659","","","",""
"133674","101 W. Irvington Rd.","El Pueblo Neighborhood Center, Patio and Multipurpose Room,","Tucson, AZ",""
"133679","1118 E. 4th St.","Physics-Atmospheric Sciences Building, Room 218,","Tucson, AZ",""
"133685","1306 E. University Blvd.","Chemistry Building, Room 311,","Tucson, AZ",""
"133686","3233 E. Speedway Blvd.","The Loft Cinema,","Tucson, AZ",""
"133687","1512 E. First St.","Learning Services Building, Room 107,","Tucson, AZ",""
"133689","","","",""
"133699","","","",""
"133700","","","",""
"133701","1630 E. University Blvd.","Meinel Optical Sciences, Room 821,","Tucson, AZ",""
"133702","Main Library B250, CATalyst Studios","1510 E University Boulevard","Tucson","Arizona"
"133712","Room 821","Meinel Optical Sciences","Tucson","Arizona"
"133713","College of Education, TLS, Worlds of Words","1430 E Second St, Rm 453","Tucson","Arizona"
"133717","1118 E. 4th St.","Physics-Atmospheric Sciences Building, Room 236,","Tucson, AZ",""
"133719","","Washington, D.C. Center for Outreach & Collaboration","Washington, D.C.",""
"133728","Room 224","Social Sciences","Tucson","Arizona"
"133742","Rm. C401","Health Sciences Education Bldg.","Tucson","Arizona"
"133746","Room 228A","Gould Simpson","Tucson","Arizona"
"133747","103","McClelland Park","Tucson","Arizona"
"133751","Room 215","Emil W. Haury Building ","Tucson","Arizona"
"133755","","","",""
"133761","","University Blvd","Tucson","Arizona"
"133762","College of Education, Worlds of Words Center","1430 E Second St, Rm 453","Tucson","Arizona"
"133767","","","",""
"133772","Room 215","Emil W. Haury Building","Tucson","Arizona"
"133789","Room 323","Psychology","Tucson","Arizona"
"133800","","","",""
"133808","Room N305","Steward Observatory","Tucson","Arizona"
"133811","2500 E Ajo Way","Kino Sports Complex","Tucson","Arizona"
"133814","Room 228A","Gould SImpson","Tucson","Arizona"
"133815","Room N305","Steward Observatory","Tucson","Arizona"
"133816","","","",""
"133817","","","",""
"133818","","","",""
"133822","Room 232","John W. Harshbarger Building","Tucson","Arizona"
"133827","","","",""
"133828","","","",""
"133836","","1601 E University Blvd. ","Tucson","Arizona"
"133837","","1601 E University Blvd. ","Tucson","Arizona"
"133838","1209 E University Blvd","University of Arizona BookStore","Tucson","Arizona"
"133839","","","",""
"133851","","","",""
"133852","349","Education","Tucson","Arizona"
"133858","","Psychology 323","Tucson","Arizona"
"133859","2720 East River Road","The Hacienda at the River","Tucson","Arizona"
"133862","","Env and Nat Resources Phase 2, room S395","Tucson","Arizona"
"133863","","Steward Observatory, N305","Tucson","Arizona"
"133864","Rm. 8403","Arizona Health Sciences Center","Tucson","Arizona"
"133865","","","",""
"133870","1303 E. University Blvd","Student Union Memorial Center","Tucson","Arizona"
"133871","Rm. 102","Medical Research Building","Tucson","Arizona"
"133873","Rm. 338A","Civil Engineering","Tucson","Arizona"
"133877","","","",""
"133878","","Communication, room 207","Tucson","Arizona"
"133879","","Gould-Simpson, room 228A","Tucson","Arizona"
"133882","","949 E. Second Street","Tucson","Arizona"
"133883","Suite 605","1670 E. Drachman St.","Tucson","Arizona"
"133891","","","",""
"133893","203","Speech And Hearing Sciences","Tucson","Arizona"
"133905","","","",""
"133906","","","",""
"133909","Room 215","Emil W. Haury Building","Tucson","Arizona"
"133913","KIEWIT AUD","Leon Levy Cancer Center","Tucson","Arizona"
"133914","","","",""
"133919","1601 E University Blvd.","Flandrau Science Center and Planetarium","Tucson","Arizona"
"133920","","","",""
"133930","Room 302","Engineering","Tucson","Arizona"
"133931","Room 332A","Harvill Building","Tucson","Arizona"
"133941","","","",""
"133944","","880 E. 2nd St","Tucson","Arizona"
"133957","","","",""
"133958","","","",""
"133963","","","",""
"133964","1601 E. University Blvd.","Flandrau Planetarium,","Tucson, AZ",""
"133968","Room 530","Electrical & Computer Engineering","Tucson","Arizona"
"133969","","1601 E University Blvd.","Tucson","Arizona"
"133974","","","",""
"133975","","","",""
"133976","Room 207","Communication","Tucson","Arizona"
"133988","","","",""
"133989","236","Physics-Atmospheric Sciences","Tucson","Arizona"
"133993","","","",""
"134004","Room 228A","Gould SImpson","Tucson","Arizona"
"134005","A120","Roy P. Drachman Hall","Tucson","Arizona"
"134006","","","",""
"134008","1657 E Helen St","Thomas W. Keating Bioresearch Building, Room 103","Tucson","Arizona"
"134009","","","",""
"134012","","1601 E University Blvd.","Tucson","Arizona"
"134018","","4190 Arizona 80, Douglas, AZ, 85607","Douglas","Arizona"
"134024","208","Biosciences West","Tucson","Arizona"
"134027","","","",""
"134030","","","",""
"134046","Room 821","Meinel Optical Sciences","Tucson","Arizona"
"134048","Rm. 216","Douglass Building","Tucson","Arizona"
"134057","1510 E. University Blvd.","University of Arizona's Main Library CATalyst Studio (lobby of the Main Library)","TUCSON","Arizona"
"134058","","","",""
"134059","","1670 E Drachman St","Tucson","Arizona"
"134063","","1601 E University Blvd.","Tucson","Arizona"
"134064","","","",""
"134065","","","",""
"134066","","","",""
"134067","","","",""
"134068","Rm. 430E","McClelland Hall","Tucson","Arizona"
"134070","Room S215","Env & Natural Resources Phase 2","Tucson","Arizona"
"134071","","1601 E University Blvd. ","Tucson","Arizona"
"134082","","","",""
"134088","Rm. C401","Health Sciences Innovation Building","Tucson","Arizona"
"134093","Room 440","Shantz Building,","Tucson","Arizona"
"134094","332","Richard P. Harvill Building","Tucson","Arizona"
"134096","218","Physics-Atmospheric Sciences","Tucson","Arizona"
"134097","","Student Union Ballroom","Tucson","Arizona"
"134098","","949 E 2nd St","Tucson","Arizona"
"134099","","","",""
"134106","","","",""
"134109","406A","Cesar E Chavez Building","Tucson","Arizona"
"134121","","","",""
"134122","","1475 N. Scottsdale Road","Scottsdale","Arizona"
"134127","","","",""
"134130","","","",""
"134131","","","",""
"134132","","","",""
"134133","","","",""
"134134","","","Tucson","Arizona"
"134135","","","",""
"134142","","","",""
"134143","","1601 E University Blvd.","Tucson","Arizona"
"134144","","1601 E University Blvd. ","Tucson","Arizona"
"134145","","1601 E University Blvd.","Tucson","Arizona"
"134146","","","",""
"134147","","","",""
"134148","Sullivan Room","College of Law Building,","Tucson","Arizona"
"134150","","","",""
"134161","","","",""
"134162","","","",""
"134163","311","Chemistry","Tucson","Arizona"
"134164","311","Chemistry","Tucson","Arizona"
"134171","Room 821","Meinel Optical Sciences","Tucson","Arizona"
"134173","","1064 E Lowell St","Tucson","Arizona"
"134174","Rm. 301","Engineering Bldg. ","Tucson","Arizona"
"134175","Room S395","Environmental and Natural Resources 2,","Tucson","Arizona"
"134176","Rm. A114","Roy P. Drachman Hall","Tucson","Arizona"
"134177","Room S395","Environmental and Natural Resources 2,","Tucson","Arizona"
"134178","Rm. A114","Roy P. Drachman Hall","Tucson","Arizona"
"134179","","","",""
"134180","Rm. B109"," Drachman Hall","Tucson","Arizona"
"134181","402","Mathematics","Tucson","Arizona"
"134182","409","Speech And Hearing Sciences","Tucson","Arizona"
"134191","","","",""
"134192","","","",""
"134193","1737 E University Blvd","Stevie Eller Dance Theatre","Tucson","Arizona"
"134194","","","",""
"134195","","","",""
"134196","","","",""
"134197","","","",""
"134198","","","",""
"134199","","","",""
"134200","","","",""
"134201","","","",""
"134202","","","",""
"134203","2951A","Leon Levy Cancer Center","Tucson","Arizona"
"134207","","University of Arizona Mall","Tucson","Arizona"
"134208","","","",""
"134212","","University of Arizona Mall","Tucson","Arizona"
"134214","S107","Env and Nat Resources Phase 2","Tucson","Arizona"
"134215","102","Medical Research Building","Tucson","Arizona"
"134218","Student Union Memorial Center Grand Ballroom","1303 E University Blvd","Tucson","Arizona"
"134219","Rm. B111","Roy P. Drachman Hall","Tucson","Arizona"
"134228","","","",""
"134229","Room 530","Electrical & Computer Engineering","Tucson","Arizona"
"134230","Room 1","Nursing,","Tucson","Arizona"
"134231","Room 1","Nursing,","Tucson","Arizona"
"134232","","","",""
"134236","KIEWIT","Leon Levy Cancer Center","Tucson","Arizona"
"134239","","","",""
"134241","327","Chemistry","Tucson","Arizona"
"134247","","","",""
"134248","Rm. 302","Engineering Bldg. ","Tucson","Arizona"
"134251","","","",""
"134252","","","",""
"134253","","","",""
"134254","","","",""
"134255","","","",""
"134256","","","",""
"134257","","","",""
"134258","","","",""
"134259","2951","Leon Levy Cancer Center","Tucson","Arizona"
"134260","311","Chemistry","Tucson","Arizona"
"134261","Room 821","Meinel Optical Sciences","Tucson","Arizona"
"134262","Rm. 705","Aerospace and Mechanical Engineering","Tucson","Arizona"
"134263","Rm. N715","Aerospace and Mechanical Engineering","Tucson","Arizona"
"134264","Student Union, South Ballroom","1303 E University Blvd","Tucson","Arizona"
"134268","Historic Pima County Courthouse","115 N Church Ave Suite 121","Tucson","Arizona"
"134269","","","",""
"134270","Kuiper Space Sciences Room 308","1629 E. University Blvd.","Tucson","Arizona"
"134271","","1031 N Olive Road","Tucson","Arizona"
"134272","Museum of Art","1031 N Olive Road","Tucson","Arizona"
"134273","Rm. 420","Social Sciences Bldg. ","Tucson","Arizona"
"134274","","","",""
"134285","COE 530","Education","Tucson","Arizona"
"134287","234","Music","Tucson","Arizona"
"134288","","","",""
"134289","Room 253","D Deconcini Environment & NR","Tucson","Arizona"
"134290","1140 E South Campus Dr","Forbes Building Lobby","Tucson","Arizona"
"134291","","","",""
"134292","","","",""
"134293","","","",""
"134294","Kuiper Space Sciences Room 308","1629 E. University Blvd.","Tucson","Arizona"
"134295","Kuiper Space Sciences Room 308","1629 E. University Blvd.","Tucson","Arizona"
"134296","","1508 East Helen Street ","Tucson","Arizona"
"134297","","","",""
"134301","","","",""
"134304","","1670 E Drachman St.","Tucson","Arizona"
"134308","","1601 E University Blvd.","Tucson","Arizona"
"134309","1st floor","1209 E University Blvd","Tucson","Arizona"
"134310","1st floor","1209 E University Blvd","Tucson","Arizona"
"134311","(Room 103)","1657 E. Hellen St","Tucson","Arizona"
"134312","(Room 103)","1657 E. Hellen St","Tucson","Arizona"
"134318","1030 N. Alvernon Way","University of Arizona RISE Health and Wellness Center","Tucson","Arizona"
"134319","","","",""
"134320","","","",""
"134321","","","",""
"134325","","","",""
"134326","","","",""
"134327","","West Mall: Old Main, Fountain","Tucson","Arizona"
"134343","Room 821","Meinel Optical Sciences","Tucson","Arizona"
"134344","","1601 E University Blvd.","Tucson","Arizona"
"134346","","1601 E University Blvd.","Tucson","Arizona"
"134347","","1601 E University Blvd.","Tucson","Arizona"
"134355","S595","Env and Nat Resources Phase 2","Tucson","Arizona"
"134357","320CC","McClelland Hall","Tucson","Arizona"
"134359","","Fountain, Old Main","Tucson","Arizona"
"134360","Meet at the Fountain at Old Main.","Old Main","Tucson","Arizona"
"134361","Meet at the Fountain at Old Main.","Old Main","Tucson","Arizona"
"134364","","John W. Harshbarger Building, room 206","Tucson","Arizona"
"134365","","","",""
"134366","","","",""
"134367","","","",""
"134368","","","",""
"134369","","525 N Bonita Ave","Tucson","Arizona"
"134370","Marshall Building, Room 490","845 N Park Ave","Tucson","Arizona"
"134374","USB - University Service Building","888 N Euclid Ave","Tucson","Arizona"
"134375","1657 E. Helen St.","Thomas W. Keating Bioresearch Building, Rooms 107 and 109,","Tucson, AZ",""
"134378","","","",""
"134379","","1303 E University Blvd","Tucson","Arizona"
"134380","","","",""
"134381","","","",""
"134383","","","",""
"134384","","","",""
"134385","","","",""
"134386","","","",""
"134387","","","",""
"134390","","University of Arizona","Tucson","Arizona"
"134391","","University of Arizona","Tucson","Arizona"
"134392","A118","Roy P. Drachman Hall","Tucson","Arizona"
"134396","","Arizona Stadium","Tucson","Arizona"
"134398","","","Starkville","Mississippi"
"134399","","Arizona Stadium","Tucson","Arizona"
"134400","","44 N. Euclid Ave","Tucson","Arizona"
"134401","","","Stanford","California"
"134402","","Arizona Stadium","Tucson",""
"134403","","","Los Angeles","California"
"134411","","","",""
"134412","","1670 East Drachman Street","Tucson","Arizona"
"134415","","","",""
"134416","Holsclaw Hall","1017 North Olive Road","Tucson","Arizona"
"134417","Holsclaw Hall","1017 North Olive Road","Tucson","Arizona"
"134418","","","Tucson","Arizona"
"134419","Crowder Hall","1017 North Olive Road","Tucson","Arizona"
"134420","Crowder Hall","1017 North Olive Road","Tucson","Arizona"
"134421","Meinel 307","1630 E University Blvd St","Tucson","Arizona"
"134422","","","",""
"134428","1721 E. Enke Dr.","McKale Memorial Center,","Tucson, AZ",""
"134429","","","",""
"134431","","","",""
"134432","1721 E. Enke Dr.","McKale Memorial Center,","Tucson, AZ",""
"134433","","","",""
"134434","1721 E. Enke Dr.","McKale Memorial Center,","Tucson","Arizona"
"134435","1657 E. Helen St.","BIO5 Institute, Room 103,","Tucson","Arizona"
"134438","3233 E. Speedway Blvd.","The Loft Cinema,","Tucson, AZ",""
"134440","3915 E. Broadway Blvd.","Consulate of Mexico,","Tucson, AZ",""
"134442","","","",""
"134443","","","",""
"134444","","","",""
"134445","1013 E. University Blvd.","Arizona State Museum,","Tucson","Arizona"
"134455","","Gesa Field,","Pullman, WA",""
"134456","","Arizona Stadium","Tucson","Arizona"
"134457","","Arizona Stadium","Tucson","Arizona"
"134458","","Folsom Field","Boulder","Colorado"
"134459","","Arizona Stadium","Tucson, AZ",""
"134460","","Sun Devil Stadium","Tempe","Arizona"
"134462","","","",""
"134463","","","",""
"134464","","","",""
"134465","","","",""
"134469","1670 E. Drachman St.","Health Sciences Innovation Building, Forum 100B,","Tucson, AZ",""
"134472","","","",""
"134475","1340 E. University Blvd.","Henry Koffler Building, Room 218,","Tucson, AZ",""
"134478","1303 E. University Blvd.","Student Union Memorial Center, Kiva Room,","Tucson, AZ",""
"134485","","","",""
"134486","","","",""
"134487","","","",""
"134491","1428 E. University Blvd.","Bear Down Gym,","Tucson, AZ",""
"134492","1428 E. University Blvd.","Bear Down Gym,","Tucson, AZ",""
"134493","1657 E. Helen St.","BIO5 Institute,","Tucson, AZ",""
"134494","1303 E. University Blvd.","Student Union Memorial Center, Grand Ballroom,","Tucson, AZ",""
"134500","","","",""
"134502","","1025 N Olive Rd","Tucson","Arizona"
"134503","","1025 N Olive Rd","Tucson","Arizona"
"134505","","Online","Tucson","Arizona"
"134506","Bear Down Gym Building, Rm. 302","1435 E 4th Street","Tucson","Arizona"
"134513","3838 N. Campbell Ave.","UA Cancer Center North,","Tucson, AZ",""
"134517","","","",""
"134518","","","",""
"134519","","","",""
"134520","","","",""
"134521","","","",""
"134522","1064 E. Lowell St.","ENR2 Building, Room S215,","Tucson, AZ",""
"134523","","","",""
"134524","1013 E. University Blvd.","Arizona State Museum,","Tucson, AZ",""
"134525","1013 E. University Blvd | Just inside the Main Gate at Park Ave and University Blvd","Arizona State Museum","TUCSON","Arizona"
"134528","1025 N. Olive Rd.","Tornabene Theatre,","Tucson, AZ",""
"134529","1670 E. Drachman St.","Health Sciences Innovation Building,","Tucson, AZ",""
"134530","1230 E. Speedway Blvd.","Electrical and Computer Engineering Building, Room 234,","Tucson, AZ",""
"134531","44 N. Stone Ave.","FORGE at Roy Place,","Tucson, AZ",""
"134535","1031 N. Olive Rd.","UA Museum of Art,","Tucson, AZ",""
"134538","1031 N. Olive Rd.","UA Museum of Art,","Tucson, AZ",""
"134540","1031 N. Olive Rd.","UA Museum of Art,","Tucson, AZ",""
"134542","1031 N. Olive Rd.","UA Museum of Art,","Tucson, AZ",""
"134543","1031 N. Olive Rd.","UA Museum of Art,","Tucson, AZ",""
"134544","1017 N. Olive Rd. ","School of Music,","Tucson, AZ",""
"134545","1017 N. Olive Rd.","School of Music, Holsclaw Hall,","Tucson, AZ",""
"134546","","","",""
"134547","","","",""
"134548","1064 E. Lowell St.","ENR2 Building, Room N595,","Tucson, AZ",""
"134549","","","",""
"134550","","","",""
"134551","","","",""
"134552","","","",""
"134553","1630 E. University Blvd.","Meinel Optical Sciences Building, Room 307,","Tucson, AZ",""
"134557","","","",""
"134559","200 S. 6th Ave.","Children's Museum Tucson,","Tucson, AZ",""
"134562","","","",""
"134564","","","",""
"134565","1303 E. University Blvd.","UA Mall,","Tucson, AZ",""
"134566","College of Education, Worlds of Words Center","1430 E Second St, Rm 453","Tucson","Arizona"
"134567","","","",""
"134568","1423 E. University Blvd.","Modern Languages Building, Room 411,","Tucson, AZ",""
"134571","44 N. Stone Ave.","FORGE at Roy Place,","Tucson, AZ",""
"134573","","","",""
"134574","","1303 E University Boulevard","Tucson","Arizona"
"134577","1030 N. Olive Road","Center for Creative Photography","Tucson","Arizona"
"134582","","2720 E. River Road","Tucson","Arizona"
"134583","San Pedro Room","1303 E University Blvd","Tucson","Arizona"
"134584","","","",""
"134585","","","",""
"134587","Student Services, Rm 201","1430 E 2nd St","Tucson","Arizona"
"134589","WOW Center, UArizona College of Education","1430 E Second St, Rm 453","Tucson","Arizona"
"134590","College of Education, Worlds of Words Center","1430 E Second St, Rm 453","Tucson","Arizona"
"134592","","","",""
"134593","WOW Center, UArizona College of Education","1430 E Second St, Rm 453","Tucson","Arizona"
"134595","","","",""
"134596","Rm. 323A","Engineering Bldg","Tucson","Arizona"
"134597","Meinel 307","1630 E University Blvd ","Tucson","Arizona"
"134598","Meinel 307","1630 E University Blvd ","Tucson","Arizona"
"134599",""," 1601 E University Blvd.","Tucson","Arizona"
"134600","","1601 E University Blvd. ","Tucson","Arizona"
"134601","","","Tucson","Arizona"
"134607","44 North Stone Ave.","FORGE at Roy Place,","Tucson, AZ",""
"134613","","","",""
"134614","119 E. Toole Ave.","Borderlands Brewing Company,","Tucson, AZ",""
"134616","","","",""
"134617","1064 E. Lowell St.","ENR2 Building, Room 120,","Tucson, AZ",""
"134619","Campbell Ave. & 3rd St.","UA Mall,","Tucson, AZ",""
"134621","845 N. Park Ave.","Louise Foucar Marshall Building, Suite 280,","Tucson, AZ",""
"134622","845 N. Park Ave.","Louise Foucar Marshall Building, Suite 280,","Tucson, AZ",""
"134623","1064 E. Lowell St.","ENR2 Building,","Tucson, AZ",""
"134631","","","",""
"134632","1017 N. Olive Rd.","School of Music Building,","Tucson, AZ",""
"134634","1541 E. 2nd St.","Office of Strategic Initiatives,","Tucson, AZ",""
"134635","1017 N. Olive Rd.","School of Music, Room 232,","Tucson, AZ",""
"134637","1017 N. Olive Rd.","School of Music Building,","Tucson, AZ",""
"134638","1423 E. University Blvd.","University of Arizona Mall,","Tucson, AZ",""
"134639","","","",""
"134640","1103 E. Second St.","Richard P. Harvill Building, Room 460,","Tucson, AZ",""
"134642","1064 E Lowell Street","ENR2 Building Room 107","Tucson","Arizona"
"134646","1510 E. University Blvd.","Special Collections,","Tucson, AZ",""
"134648","1670 E. Drachman St.","Health Sciences Innovation Building,","Tucson, AZ",""
"134652","1020 E. University Blvd.","Centennial Hall,","Tucson, AZ",""
"134657","","","",""
"134660","","","",""
"134661","1601 E. University Blvd. ","Flandrau Planetarium,","Tucson, AZ",""
"134666","1508 E. Helen St.","UA Poetry Center,","Tucson, AZ",""
"134667","1508 E. Helen St.","UA Poetry Center,","Tucson, AZ",""
"134668","1508 E. Helen St.","University of Arizona Poetry Center,","Tucson, AZ",""
"134669","1508 E. Helen St.","UA Poetry Center,","Tucson, AZ",""
"134670","1508 E. Helen St.","UA Poetry Center,","Tucson, AZ",""
"134671","1508 E. Helen St.","University of Arizona Poetry Center,","Tucson, AZ",""
"134672","1508 E. Helen St. ","UA Poetry Center, Jeremy Ingalls Gallery,","Tucson, AZ",""
"134673","1508 E. Helen St.","University of Arizona Poetry Center,","Tucson, AZ",""
"134674","1508 E. Helen St. ","Poetry Center, Dorothy Rubel Room,","Tucson, AZ",""
"134675","1508 E. Helen St.","University of Arizona Poetry Center,","Tucson, AZ",""
"134676","1508 E. Helen St.","University of Arizona Poetry Center,","Tucson, AZ",""
"134677","1508 E. Helen St.","University of Arizona Poetry Center,","Tucson, AZ",""
"134678","1508 E. Helen St.","University of Arizona Poetry Center,","Tucson, AZ",""
"134679","1508 E. Helen St.","University of Arizona Poetry Center,","Tucson, AZ",""
"134680","1508 E. Helen St.","UA Poetry Center,","Tucson, AZ",""
"134685","1017 N. Olive Rd.","School of Music Building, Crowder Hall,","Tucson, AZ",""
"134686","1017 N. Olive Rd.","School of Music Building, Holsclaw Hall,","Tucson, AZ",""
"134687","1017 N. Olive Rd.","School of Music Building, Crowder Hall,","Tucson, AZ",""
"134688","1017 N. Olive Rd.","School of Music Building, Crowder Hall,","Tucson, AZ",""
"134691","1017 N. Olive Rd.","School of Music Building, Holsclaw Hall,","Tucson, AZ",""
"134707","1303 E. University Blvd.","University of Arizona Mall,","Tucson, AZ",""
"134721","1064 E. Lowell St.","ENR2 Building, Room 120,","Tucson, AZ",""
"134722","1110 James E. Rogers Way,","Cesar E. Chavez Building, Room 204A,","Tucson, AZ",""
"134724","845 N. Park Ave.","Marshall Building, Rooms 311-313,","Tucson, AZ",""
"134725","","","",""
"134732","","","",""
"134734","","","",""
"134738","600 E. Van Buren St.","Phoenix Bioscience Core, Virginia G. Piper Auditorium,","Phoenix, AZ",""
"134739","850 N. 5th St.","Phoenix Bioscience Core,","Phoenix, AZ",""
"134741","","","",""
"134742","Room 207","Communication","Tucson","Arizona"
"134743","1230 E. Speedway Blvd.","Electrical and Computer Engineering Building, Room 234,","Tucson, AZ",""
"134747","615 N. Park Ave.","The Global Center,","Tucson, AZ",""
"134750","1600 E. First St.","Graduate Center,","Tucson, AZ",""
"134751","","","Tucson","Arizona"
"134752","1017 N. Olive Rd.","UA School of Music,","Tucson, AZ",""
"134753","3233 E Speedway Blvd","The Loft Cinema","Tucson","Arizona"
"134754","Room 120","Manuel Pacheco Integrated Learning Center","Tucson","Arizona"
"134755","","1601 E University Blvd.","Tucson","Arizona"
"134757","","","",""
"134760","","1064 E Lowell St, Tucson, AZ 85719","Tucson","Arizona"
"134761","ILC 150","1500 E University Blvd","Tucson","Arizona"
"134762","Meinel 307","1630 E University Blvd","Tucson","Arizona"
"134763","","1601 E University Blvd.","Tucson","Arizona"
"134765","Historic Pima County Courthouse: Alfie Norville Gem and Mineral Museum","115 N Church Ave Suite 121","Tucson","Arizona"
"134766","Historic Pima County Courthouse: Alfie Norville Gem and Mineral Museum","115 N Church Ave Suite 121","Tucson","Arizona"
"134767","","1601 E University Blvd. ","Tucson","Arizona"
"134768","Historic Pima County Courthouse Alfie Norville Gem and Mineral Museum","115 N Church Ave Suite 121","Tucson","Arizona"
"134769","Rm. 103","TW Keating Bioresearch Bldg. ","Tucson","Arizona"
"134775","44 N. Stone Ave.","FORGE at Roy Place,","Tucson, AZ",""
"134778","650 N. Park Ave.","McClelland Park Plaza,","Tucson, AZ",""
"134784","1295 N. Martin Ave.","Roy P. Drachman Hall, Room A120,","Tucson, AZ",""
"134785","","","",""
"134786","","1303 E University Blvd","Tucson","Arizona"
"134787","Room 2101","Health Sciences Library","Tucson","Arizona"
"134791","","","",""
"134792","","","",""
"134793","","","",""
"134794","","","",""
"134795","","","",""
"134797","","565 N Cherry Ave Fl 5","Tucson","Arizona"
"134798","1030 N. Olive Rd.","Center for Creative Photography, Auditorium, ","Tucson, AZ",""
"134805","","","",""
"134807","","1428 E. University Blvd.","Tucson","Arizona"
"134808","","","",""
"134809","","","Tucson","Arizona"
"134811","","","Tucson","Arizona"
"134812","","1600 E 1st Street","Tucson","Arizona"
"134813","","311 E Congress St","Tucson","Arizona"
"134828","Main Library B250, CATalyst Studios","1510 E University Boulevard","Tucson","Arizona"
"134829","Room N595","ENR2 Building","Tucson","Arizona"
"134830","","","",""
"134831","","","",""
"134832","Health Sciences Innovation Building (HSIB)","1670 E. Drachman St.","Tucson","Arizona"
"134834","309","Gerard P. Kuiper Space Sciences","Tucson","Arizona"
"134837","","1031 N Olive Road","Tucson","Arizona"
"134839","","","",""
"134841","","","",""
"134843","","","",""
"134844","Museum of Art","1031 N Olive Road","Tucson","Arizona"
"134846","3233 E. Speedway Blvd.","The Loft Cinema","Tucson","Arizona"
"134847","1020 E. University Blvd.","Centennial Hall","Tucson","Arizona"
"134848","","University of Arizona Mall","Tucson","Arizona"
"134849","1508 E. Helen St.","University of Arizona Poetry Center","Tucson","Arizona"
"134850","1508 E. Helen St.","University of Arizona Poetry Center","Tucson","Arizona"
"134851","","1303 E. University Blvd","","Arizona"
"134858","","University of Arizona Mall","Tucson","Arizona"
"134874","933 N. Cherry Ave.","Steward Observatory, Room N210,","Tucson, AZ",""
"134875","1305 E. Fourth St.","Chemical Sciences Building, Room 202,","Tucson, AZ",""
"134878","","","",""
"134879","","","",""
"134880","","","",""
"134881","","","",""
"134882","","","",""
"134883","","","",""
"134886","1510 E. University Blvd.","Main Library, Rooms B252-B254,","Tucson, AZ",""
"134893","1064 E. Lowell St.","ENR2 Building, Room S215,","Tucson, AZ",""
"134895","1064 E. Lowell St.","ENR2 Building, Room S107,","Tucson, AZ",""
"134899","1601 E. University Blvd.","Flandrau Science Center and Planetarium,","Tucson, AZ",""
"134900","1629 E. University Blvd.","Gerard P. Kuiper Space Sciences, Room 301,","Tucson, AZ",""
"134902","1601 E. University Blvd.","Flandrau Science Center and Planetarium,","Tucson, AZ",""
"134903","1601 E. University Blvd.","Flandrau Science Center and Planetarium,","Tucson, AZ",""
"134904","44 N. Stone Ave.","FORGE at Roy Place,","Tucson, AZ",""
"134913","","","",""
"134914","1629 E. University Blvd.","Gerard P. Kuiper Space Sciences Building,","Tucson, AZ",""
"134916","","","",""
"134919","","","",""
"134927","1103 E. 2nd St.","Richard A. Harvill Building, Room 404,","Tucson, AZ",""
"134928","","","",""
"134929","","","",""
"134930","1025 N. Olive Rd.","Tornabene Theatre,","Tucson, AZ",""
"134931","1025 N. Olive Rd.","Tornabene Theatre,","Tucson, AZ",""
"134933","","","",""
"134934","845 N. Park Ave.","Marshall Building, Suite 280,","Tucson, AZ",""
"134937","","","",""
"134939","","615 N Park Ave","Tucson","Arizona"
"134940","1615 E. 2nd St.","St. Thomas More Catholic Newman Center,","Tucson, AZ",""
"134941","","1303 E University Blvd","Tucson","Arizona"
"134942","Room N210","933 N. Cherry Ave","Tucson","Arizona"
"134956","","Center for Creative Photography: 1030 N Olive Rd ","Tucson","Arizona"
"134957","","","",""
"134959","","","",""
"134960","","","",""
"134961","","","",""
"134962","","","",""
"134963","","","Tucson, AZ",""
"134964","","","",""
"134965","","","",""
"134966","","","",""
"134967","","","",""
"134970","","3233 E Speedway Blvd","Tucson","Arizona"
"134971","1306 E. University Blvd.","Chemistry Building, Room 311,","Tucson, AZ",""
"134972","","1657 E Helen Street","Tucson","Arizona"
"134975","","","",""
"134976","","","",""
"134977","","","",""
"134978","915 E 4th St, Tucson, AZ 85719","First United Methodist Church","Tucson","Arizona"
"134979","","","",""
"134982","","","",""
"134984","","","",""
"134985","1401 E. University Blvd.","Administration Building, Room 705,","Tucson, AZ",""
"134986","","Online","Tucson","Arizona"
"134989","","ENR2, Room S217","Tucson, AZ",""
"134990","","","",""
"134991","","","",""
"134992","845 N. Park Ave.","Marshall Building, Room 280","Tucson, AZ",""
"134993","1510 E. University Blvd.","Main Library, second floor","Tucson, AZ",""
"134994","1064 E. Lowell St.","ENR2 Building, Room S215,","Tucson, AZ",""
"134995","","","",""
"134998","","","",""
"134999","","Zoom","",""
"135000","","Zoom","",""
"135006","1601 E. University Blvd.","Flandrau Science Center and Planetarium,","Tucson, AZ",""
"135009","","","",""
"135012","","9030 S. Rita Road ","Tucson, AZ",""
"135013","","9040 S. Rita Road, Suite 1270","Tucson, AZ",""
"135014","949 E. Second St.","Arizona History Museum,","Tucson, AZ",""
"135016","1303 E. University Blvd.","Student Union Grand Ballroom,","Tucson, AZ",""
"135017","1601 E. University Blvd.","Flandrau Science Center and Planetarium,","Tucson, AZ",""
"135018","1127 James E. Rogers Way,","Engineering Building, Room 101,","Tucson, AZ",""
"135019","1657 E. Helen St.","BIO5 Building, Room 103,","Tucson, AZ",""
"135026","44 N. Stone Ave.","FORGE at Roy Place,","Tucson, AZ",""
"135027","44 N. Stone Ave.","FORGE at Roy Place,","Tucson, AZ",""
"135030","","","",""
"135031","1064 E. Lowell St.","ENR2, Room S107,","Tucson, AZ",""
"135037","845 N. Park Ave.","Marshall Building, Suite 280,","Tucson, AZ",""
"135038","1510 E. University Blvd.","Main Library,","Tucson, AZ",""
"135041","1015 S. Park Ave.","MotoSonora Brewing Company,","Tucson, AZ",""
"135043","44 N. Stone Ave.","FORGE at Roy Place,","Tucson, AZ",""
"135047","1600 E. 1st St.","Graduate Center,","Tucson, AZ",""
"135052","","","",""
"135055","1423 E. University Blvd. ","Modern Languages Building, Room 223,","Tucson, AZ",""
"135067","137 W. 29th St.","Luna y Sol Cafe,","Tucson, AZ",""
"135068","Tumamoc Hill Rd.","Tumamoc Hill Boathouse,","Tucson, AZ",""
"135069"," 1064 E. Lowell St.","ENR2 Building, Room N604 (Rooftop),","Tucson, AZ",""
"135070","","","",""
"135076","1118 E. Fourth St.","Physics-Atmospheric Sciences Building, Room 237,","Tucson, AZ",""
"135077","1118 E. Fourth St.","Physics-Atmospheric Sciences Building, Room 236,","Tucson, AZ",""
"135078","","","",""
"135079","","","",""
"135080","1600 E. 1st St.","Graduate Center, Room 102,","Tucson, AZ",""
"135081","","","",""
"135084","1030 N. Olive Rd.","Center for Creative Photography,","Tucson, AZ",""
"135085","Education Building, Room 353","1430 E 2nd St","Tucson","Arizona"
"135086","44 N. Stone Ave.","FORGE at Roy Place,","Tucson, AZ",""
"135087","44 N. Stone Ave.","FORGE at Roy Place,","Tucson, AZ",""
"135089","1064 E. Lowell St.","ENR2 Building, Room S215,","Tucson, AZ",""
"135093","","","",""
"135094","","","",""
"135095","1017 N. Olive Rd.","School of Music, Crowder Hall,","Tucson, AZ",""
"135096","933 N. Cherry Ave.","Steward Observatory, Room N210,","Tucson, AZ",""
"135097","845 N. Park Ave.","Marshall Building, Room 280,","Tucson, AZ",""
"135098","1 N. National Championship Drive","Arizona Stadium,","Tucson, AZ",""
"135099","","","",""
"135100","1017 N. Olive Rd.","School of Music, Crowder Hall,","Tucson, AZ",""
"135102","","","",""
"135103","","","",""
"135105","E. University Blvd.","USS Arizona Mall Memorial,","Tucson, AZ",""
"135107","","","",""
"135109","1630 E. University Blvd.","Meinel Optical Sciences Building, Room 821,","Tucson, AZ",""
"135110","","Central Mall: 1st section east of Old Main, by USS Memorial","Tucson","Arizona"
"135111","Room 168 (enter through courtyard)","1201 E. Speedway","Tucson","Arizona"
"135112","1130 N. Mountain Ave.","Aerospace and Mechanical Engineering Building, Room N715,","Tucson, AZ",""
"135116","","","",""
"135117","1009 E. South Campus Dr.","Emil W. Haury Building, Room 215,","Tucson, AZ",""
"135118","2301 N. Central Ave.","Heard Museum,","Phoenix, AZ",""
"135122","1737 E. University Blvd.","Stevie Eller Dance Theater,","Tucson, AZ",""
"135123","3233 E. Speedway Blvd.","The Loft Cinema,","Tucson, AZ",""
"135124","3233 E. Speedway Blvd.","The Loft Cinema,","Tucson, AZ",""
"135125","3233 E. Speedway Blvd.","The Loft Cinema,","Tucson, AZ",""
"135126","1510 E. University Ave.","Main Library, Room B252,","Tucson, AZ",""
"135128","","","",""
"135132","","","",""
"135133","1501 N. Campbell Ave.","Health Sciences Building,","Tucson, AZ",""
"135135","617 N. Santa Rita Ave.","The Math Building, First Floor,","Tucson, AZ",""
"135136","","","",""
"135137","","","",""
"135139","","","",""
"135140","","","",""
"135141","1031 N. Olive Rd.","University Museum of Art,","Tucson, AZ",""
"135142","1430 E. Second St.","Worlds of Words Center, Room 453,","Tucson, AZ",""
"135143","","","",""
"135144","3233 E. Speedway Blvd.","The Loft Cinema,","Tucson, AZ",""
"135145","","","",""
"135146","1295 N. Martin Ave.","Drachman Hall,","Tucson, AZ",""
"135147","1501 N. Campbell Ave.","Health Sciences Library,","Tucson, AZ",""
"135148","267 S. Avenida del Convento,","MSA Annex,","Tucson, AZ",""
"135149","","Old Main, West Side,","Tucson, AZ",""
"135150","","The University of Arizona,","Tucson, AZ",""
"135151","","University of Arizona Mall,","Tucson, AZ",""
"135154","925 N. Tyndall Ave.","Southwest Institute for Research on Women, Room 100,","Tucson, AZ",""
"135160","","","",""
"135161","1064 E. Lowell St.","ENR2, Room S107,","Tucson, AZ",""
"135164","1201 E. Speedway (enter through the courtyard)","Law 164,","Tucson, AZ",""
"135165","","","",""
"135170","1017 N. Olive Rd.","School of Music, Crowder Hall,","Tucson, AZ",""
"135171","1017 N. Olive Rd.","School of Music Building, Crowder Hall,","Tucson, AZ",""
"135173","1017 N. Olive Rd.","School of Music, Crowder Hall,","Tucson, AZ",""
"135178","845 N. Park Ave.","Marshall Building, Room 280,","Tucson, AZ",""
"135179","1140 Colombo Ave.","College of Applied Science and Technology,","Sierra Vista, AZ",""
"135180","1140 Colombo Ave.","College of Applied Science and Technology,","Sierra Vista, AZ",""
"135181","1140 Colombo Ave.","College of Applied Science and Technology,","Sierra Vista, AZ",""
"135182","","University of Arizona Mall,","Tucson, AZ",""
"135186","1025 N. Olive Rd.","Tornabene Theatre,","Tucson, AZ",""
"135187","1025 N. Olive Rd.","Tornabene Theatre,","Tucson, AZ",""
"135188","1657 E. Helen St.","Thomas W. Keating Building, The BIO5 Institute,","Tucson, AZ",""
"135189","","","",""
"135190","1064 E. Lowell St.","ENR2 Building, Room S107,","Tucson, AZ",""
"135194","","","",""
"135195","","","",""
"135197","","","",""
"135198","","","",""
"135199","","","",""
"135201","1017 N. Olive Rd.","School of Music, Crowder Hall,","Tucson, AZ",""
"135204","1064 E Lowell St. ","ENR2 Building, Room 120,","Tucson, AZ",""
"135208","","","",""
"135209","","","",""
"135210","","","",""
"135213","1130 E. Helen St.","McClelland Hall, Room 301CC,","Tucson, AZ",""
"135215","","","",""
"135217","Room 703","Administration Building","Tucson","Arizona"
"135218","Room 323","Psychology","Tucson","Arizona"
"135220","1235 E. James E. Rogers Way,","Mines and Metallurgy Building, Room 221,","Tucson, AZ",""
"135222","","","",""
"135230","","","",""
"135231","","","",""
"135232","","","",""
"135233","","","",""
"135237","","","",""
"135238","ENR2 Building - Room S215","1064 E. Lowell Street","Tucson","Arizona"
"135239","S215","ENR2","Tucson","Arizona"
"135247","311 East Congress Street","Club Congress","Tucson","Arizona"
"135258","1303 E. University Blvd.","Student Union, Kachina Lounge,","Tucson, AZ",""
"135261","","","",""
"135264","","Pan American Center,","Las Cruces, NM",""
"135265","","McKale Center,","Tucson, AZ",""
"135266","","McKale Center","Tucson, AZ",""
"135267","","McKale Center,","Tucson, AZ",""
"135268","","McKale Center,","Tucson, AZ",""
"135269","","Cameron Indoor Stadium,","Durham, NC",""
"135270","","McKale Center,","Tucson, AZ",""
"135271","","McKale Center,","Tucson, AZ",""
"135275","1013 E. University Blvd.","Arizona State Museum,","Tucson, AZ",""
"135276","1423 E. University Blvd.","Modern Languages Building, Room 535,","Tucson, AZ",""
"135282","","","",""
"135284","2727 W. Club Dr.,","Omni Tucson National Resort","Tucson","Arizona"
"135286","1127 James E. Rogers Way,","Engineering Building, Room 101, ","Tucson, AZ",""
"135287","","Bahamas Imperial Arena,","Nassau, Bahamas",""
"135288","","Cox Pavilion,","Las Vegas, NV",""
"135289","","McKale Center,","Tucson, AZ",""
"135290","","McKale Center,","Tucson, AZ",""
"135292","","McKale Center,","Tucson, AZ",""
"135293","","Acrisure Arena,","Palm Desert, CA",""
"135297","","","",""
"135302","1510 E. University Blvd.","Main Library, Room 112A","Tucson, AZ",""
"135303","311","Chemistry","Tucson","Arizona"
"135304","","","",""
"135309","1017 N. Olive Rd.","School of Music, Room 114A,","Tucson, AZ",""
"135314","Rm. 138","Student Union Memorial Center","Tucson","Arizona"
"135316","1030 E. University Blvd.","Student Unions,","Tucson, AZ",""
"135317","","","",""
"135318","","","",""
"135319","","","",""
"135322","Historic Pima County Courthouse","115 N Church Ave Suite 121","Tucson","Arizona"
"135323","1064 E. Lowell St.","ENR2 Building, Room S210,","Tucson, AZ",""
"135334","1303 E. University Blvd.","Student Union, Sabino Room,","Tucson, AZ",""
"135336","","","",""
"135337","","","",""
"135340","1017 N. Olive Rd.","School of Music, Holsclaw Hall,","Tucson, AZ",""
"135341","1017 N. Olive Rd.","School of Music, Crowder Hall,","Tucson, AZ",""
"135342","1017 N. Olive Rd.","School of Music, Crowder Hall,","Tucson, AZ",""
"135343","1017 N. Olive Rd.","School of Music, Crowder Hall,","Tucson, AZ",""
"135344","1017 N. Olive Rd.","School of Music, Crowder Hall,","Tucson, AZ",""
"135345","School of Music building/Holsclaw Hall","1017 N Olive Rd","Tucson","Arizona"
"135346","St. Phillip's in the Hills Episcopal Church","440 N. Campbell Avenue","Tucson","Arizona"
"135347","1017 N. Olive Road","Crowder Hall,","Tucson, AZ",""
"135350","650 N. Park Ave.","McClelland Park, Room 402,","Tucson, AZ",""
"135351","1209 E. University Blvd.","University BookStores (Student Union),","Tucson, AZ",""
"135352","1670 E. Drachman St.","Health Sciences Innovation Building,","Tucson, AZ",""
"135353","1017 N. Olive Rd.","School of Music, Room 114A,","Tucson, AZ",""
"135354","311","Chemistry","Tucson","Arizona"
"135355","","","",""
"135356","192 S. Stone Ave","St. Augustine Cathedral","Tucson","Arizona"
"135357","192 S. Stone Ave","St. Augustine Cathedral","Tucson","Arizona"
"135361","","","",""
"135367","","","",""
"135369","","","",""
"135372","Room 402","Mathematics","Tucson","Arizona"
"135373","","","",""
"135377","","3915 E Broadway Blvd","Tucson","Arizona"
"135381","925 N. Tyndall Ave.","Southwest Institute for Research on Women, Room 100,","Tucson, AZ",""
"135382","","","",""
"135384","","","",""
"135385","","","",""
"135386","","","",""
"135387","1127 James E. Rogers Way,","Engineering Building, Room 101,","Tucson, AZ",""
"135389","","1030 North Olive Road ","Tucson","Arizona"
"135390","","1030 North Olive Road ","Tucson","Arizona"
"135391","311","Social Sciences","Tucson","Arizona"
"135392","","Student Union, Kachina Lounge, 1303 E.","Tucson","Arizona"
"135395","","","",""
"135396","","","",""
"135397","","1510 E University Boulevard","Tucson","Arizona"
"135398","2nd floor by large open staircase","1510 E University Boulevard","Tucson","Arizona"
"135399","Steward Observatory Room N210","933 N. Cherry Ave.","Tucson","Arizona"
"135400","S107","Env and Nat Resources Phase 2","Tucson","Arizona"
"135405","1601 E. University Blvd.","Flandrau Science Center and Planetarium,","Tucson, AZ",""
"135406","1601 E. University Blvd.","Flandrau Science Center and Planetarium,","Tucson, AZ",""
"135407","1601 E. University Blvd. ","Flandrau Science Center and Planetarium,","Tucson, AZ",""
"135408","1601 E. University Blvd.","Flandrau Science Center and Planetarium,","Tucson, AZ",""
"135410","1601 E. University Blvd.","Flandrau Science Center and Planetarium,","Tucson, AZ",""
"135411","1601 E. University Blvd.","Flandrau Science Center and Planetarium,","Tucson, AZ",""
"135412","1601 E. University Blvd.","Flandrau Science Center and Planetarium,","Tucson, AZ",""
"135413","1601 E. University Blvd.","Flandrau Science Center and Planetarium,","Tucson, AZ",""
"135423","","","",""
"135427","","","",""
"135429","44 N. Stone Ave.","FORGE at Roy Place,","Tucson, AZ",""
"135436","","","",""
"135438","1305 N. Martin Ave.","College of Nursing, Room 300,","Tucson, AZ",""
"135439","1303 E. University Blvd.","Student Union Memorial Center, Gallagher Theater,","Tucson, AZ",""
"135447","","","",""
"135449","1064 E. Lowell St.","ENR2 Building, Room S215,","Tucson, AZ",""
"135451","1118 E. Fourth St.","Physics-Atmospheric Sciences Building, Room 218,","Tucson, AZ",""
"135459","1303 E. University Blvd.","Student Union Memorial Center, Kiva Room,","Tucson, AZ",""
"135460","","","",""
"135463","236","Physics-Atmospheric Sciences","Tucson","Arizona"
"135464","CATalyst Studios (in Main Library), Room B252","1510 E University Boulevard","Tucson","Arizona"
"135465","ENR2 Building - Room S215","1064 E. Lowell Street","Tucson","Arizona"
"135466","Rm. 301","Engineering Bldg. ","Tucson","Arizona"
"135470","","","",""
"135471","","","",""
"135478","","","",""
"135479","","650 N Park Ave.","Tucson","Arizona"
"135480","17 W Congress St, Tucson, AZ 85701","Fox Tucson Theatre","Tucson","Arizona"
"135485","","1423 E. University Blvd.","Tucson","Arizona"
"135486","Room N210","933 N. Cherry Ave.","Tucson","Arizona"
"135488","","1601 E University Blvd","Tucson","Arizona"
"135489","","","",""
"135490","","","",""
"135491","1510 East University Boulevard ","Electrical and Computer Engineering, Room 234","Tucson","Arizona"
"135492","","","",""
"135493","1017 N Olive Rd","School of Music Building/Crowder Hall","Tucson","Arizona"
"135494","School of Music building/Crowder Hall","1017 N Olive Rd","Tucson","Arizona"
"135498","1630 E. University Blvd.","Meinel Optical Sciences Building, Room 305,","Tucson, AZ",""
"135500","","","",""
"135501","","","",""
"135502","1040 E. 4th St.","Gould-Simpson Building, Room 906,","Tucson, AZ",""
"135503","Rm. C401","Health Sciences Education Bldg.","Tucson","Arizona"
"135504","","","",""
"135505","","","",""
"135506","","","",""
"135511","Marshall Building, room 490","845 N Park Ave","Tucson","Arizona"
"135512","","Desert Financial Arena,","Tempe, AZ",""
"135513","","Footprint Center,","Phoenix, AZ",""
"135514","","McKale Center,","Tucson, AZ",""
"135515","","McKale Center,","Tucson, AZ",""
"135516","","McKale Center,","Tucson, AZ",""
"135527","44 N. Stone Ave.","FORGE at Roy Place,","Tucson, AZ",""
"135532","","McKale Center,","Tucson, AZ",""
"135533","","McKale Center,","Tucson, AZ",""
"135534","","Gainbridge Fieldhouse,","Indianapolis, IN",""
"135535","","Footprint Center,","Phoenix, AZ",""
"135536","","T-Mobile Arena,","Las Vegas, NV",""
"135537","","Haas Pavilion,","Berkeley, CA",""
"135538","","Maples Pavilion,","Stanford, CA",""
"135539","","McKale Center,","Tucson, AZ",""
"135540","","McKale Center,","Tucson, AZ",""
"135541","","Beasley Coliseum,","Pullman, WA",""
"135548","","University of Arizona Bookstores,","Tucson, AZ",""
"135549","","","",""
"135550","","","",""
"135555","1670 E. Drachman St.","Skaggs Pharmaceutical Sciences Center, Room 325,","Tucson, AZ",""
"135557","","","",""
"135558","1017 N. Olive Rd.","School of Music Building, Crowder Hall,","Tucson, AZ",""
"135559","1017 N. Olive Rd.","School of Music Building, Crowder Hall,","Tucson, AZ",""
"135560","845 N. Park Ave.","Marshall Building, Room 280,","Tucson, AZ",""
"135561","1017 N. Olive Rd.","School of Music Building, Crowder Hall,","Tucson, AZ",""
"135565","","","",""
"135574","","","",""
"135577","1630 E. University Blvd.","Meinel Optical Sciences Building, Room 821,","Tucson, AZ",""
"135579","1430 E. 2nd St.","Education Building, Room 311, ","Tucson, AZ",""
"135582","1017 N. Olive Rd.","School of Music Building, Holsclaw Hall,","Tucson, AZ",""
"135585","","","",""
"135586","","","",""
"135588","1515 N. Campbell Ave.","Arizona Cancer Center, Kiewit Auditorium,","Tucson, AZ",""
"135589","475 N. 5th St.","Biomedical Sciences Partnership Building, Room E707,","Phoenix, AZ",""
"135593","3233 E. Speedway Blvd.","The Loft Cinema,","Tucson, AZ",""
"135594","7000 N. Resort Dr.","Loews Ventana Canyon Resort,","Tucson, AZ",""
"135595","1133 James E. Rogers Way,","John W. Harshbarger Building, Room 138,","Tucson, AZ",""
"135596","","","",""
"135601","School of Music building/Holsclaw Hall","1017 N Olive Rd","Tucson","Arizona"
"135602","","1030 North Olive Road","Tucson","Arizona"
"135603","School of Music building/Crowder Hall","1017 N Olive Rd","Tucson","Arizona"
"135604","","1030 North Olive Road","Tucson","Arizona"
"135606","","1030 North Olive Road","Tucson","Arizona"
"135611","115 N. Church Ave., Suite 121,","Alfie Norville Gem and Mineral Museum,","Tucson, AZ",""
"135623","100 Montana St.","The Alamodome,","San Antonio, TX",""
"135624","1400 E. 6th St.","SouthREC,","Tucson, AZ",""
"135625","1400 E. 6th St.","SouthREC,","Tucson, AZ",""
"135627","","","",""
"135631","1103 E. Second St.","Richard P. Harvill Building, Room 332A,","Tucson, AZ",""
"135632","1306 E. University Blvd.","Chemistry Building, Room 350,","Tucson, AZ",""
"135633","1064 E. Lowell St.","ENR2 Building, Room S215,","Tucson, AZ",""
"135635","1510 E. University Blvd.","Main Library,","Tucson, AZ",""
"135636","1657 E. Helen St.","Thomas W. Keating Bioresearch Building,","Tucson, AZ",""
"135639","1510 E. University Blvd.","Main Library,","Tucson, AZ",""
"135640","1657 E. Helen St.","Thomas W. Keating Bioresearch Building,","Tucson, AZ",""
"135641","1657 E. Helen St.","Thomas W. Keating Bioresearch Building,","Tucson, AZ",""
"135647","","USS Arizona Mall Memorial,","Tucson, AZ",""
"135649","","","",""
"135650","Rm. 440","Shantz Building ","Tucson","Arizona"
"135651","1503 E. University Blvd.","Psychology Building, Room 208,","Tucson, AZ",""
"135656","1110 James E. Rogers Way,","Cesar E. Chavez Building, Room 431,","Tucson, AZ",""
"135657","1737 E. University Blvd.","Stevie Eller Dance Theatre,","Tucson, AZ",""
"135658","","","",""
"135665","1630 E. University Blvd.","Meinel Optical Sciences Building, Room 821,","Tucson, AZ",""
"135669","1601 E. University Blvd.","Flandrau Science Center and Planetarium,","Tucson, AZ",""
"135670","318 E. Congress St.","The Rialto Theatre,","Tucson, AZ",""
"135671","318 E. Congress St.","The Rialto Theatre,","Tucson, AZ",""
"135672","1601 E. University Blvd.","Flandrau Science Center and Planetarium,","Tucson, AZ",""
"135673","1601 E. University Blvd. ","Flandrau Science Center and Planetarium,","Tucson, AZ",""
"135674","1601 E. University Blvd.","Flandrau Science Center and Planetarium,","Tucson, AZ",""
"135675","1601 E. University Blvd.","Flandrau Science Center and Planetarium,","Tucson, AZ",""
"135676","1020 E. University Blvd.","Centennial Hall,","Tucson, AZ",""
"135677","1601 E. University Blvd.","Flandrau Science Center and Planetarium,","Tucson, AZ",""
"135679","1601 E. University Blvd.","Flandrau Science Center and Planetarium,","Tucson, AZ",""
"135692","1510 E. University Blvd.","Special Collections Reading Room,","Tucson, AZ",""
"135696","1303 E. University Blvd.","Student Union Memorial Center, Grand Ballroom,","Tucson, AZ",""
"135697","1031 N. Olive Rd.","University of Arizona Museum of Art,","Tucson, AZ",""
"135698","Museum of Art","1031 N Olive Road","Tucson","Arizona"
"135706","","","",""
"135713","1670 E Drachman St.","Health Sciences Innovation Building, Forum","Tucson","Arizona"
"135714","Center for Creative Photography Auditorium","1030 North Olive Road","Tucson","Arizona"
"135723","Historic Pima County Courthouse","115 N Church Ave Suite 121","Tucson","Arizona"
"135725","Room 228A","Gould Simpson","Tucson","Arizona"
"135726","ENR2 Room 120","1064 E Lowell St. ","Tucson","Arizona"
"135729","1508 E. Helen St.","University of Arizona Poetry Center,","Tucson, AZ",""
"135730","1508 E. Helen St.","University of Arizona Poetry Center,","Tucson, AZ",""
"135731","1508 E. Helen St.","University of Arizona Poetry Center,","Tucson, AZ",""
"135732","1508 E. Helen St.","University of Arizona Poetry Center,","Tucson, AZ",""
"135738","","","",""
"135744","1303 E University Blvd","Student Union Memorial Center, Grand Ballroom","Tucson","Arizona"
"135747","","","",""
"135753","","","",""
"135757","1020 E. University Blvd.","Centennial Hall,","Tucson, AZ",""
"135758","1020 E. University Blvd.","Centennial Hall,","Tucson, AZ",""
"135760","1303 E. University Blvd.","Student Union Memorial Center, Kiva Room,","Tucson, AZ",""
"135762","1657 E. Helen St.","BIO5","Tucson","Arizona"
"135764","1509 E. Helen","ArtWorks","Tucson","Arizona"
"135765","1020 E. University Blvd.","Centennial Hall,","Tucson, AZ",""
"135766","1020 E. University Blvd.","Centennial Hall,","Tucson, AZ",""
"135767","","","",""
"135768","","","",""
"135769","Special Collections ","1510 E University Boulevard","Tucson","Arizona"
"135771","","600 E. Van Buren St. ","Phoenix","Arizona"
"135773","","","Tucson","Arizona"
"135774","1601 E. University Blvd.","Flandrau Science Center and Planetarium,","Tucson, AZ",""
"135798","","1601 E University Blvd.","Tucson","Arizona"
"135799","","","",""
"135800","","1601 E University Blvd.","Tucson","Arizona"
"135809","44 N. Stone Ave.","FORGE at Roy Place,","Tucson, AZ",""
"135810","","","",""
"135814","Student Union, Grand Ballroom, Kachina Lounge, Sabino Room ","1303 E University Blvd, Tucson","Tucson","Arizona"
"135816","","McKale Center,","Tucson, AZ",""
"135817","","McKale Center,","Tucson, AZ",""
"135818","","Gill Coliseum,","Corvallis, OR",""
"135819","","Matthew Knight Arena,","Eugene, OR",""
"135820","","McKale Center,","Tucson, AZ",""
"135821","","McKale Center,","Tucson, AZ",""
"135822","","Jon M. Huntsman Center,","Salt Lake City, UT",""
"135823","1209 E. University Blvd.","BookStores at Student Union Memorial Center,","Tucson, AZ",""
"135824","1209 E. University Blvd.","BookStores at Student Union Memorial Center,","Tucson, AZ",""
"135825","","","",""
"135829","","Gill Coliseum,","Corvallis, OR",""
"135830","","Matthew Knight Arena,","Eugene, OR",""
"135831","","Alaska Airlines Arena at Hec Edmundson,","Seattle, WA",""
"135832","","Beasley Coliseum,","Pullman, WA",""
"135833","","McKale Center,","Tucson, AZ",""
"135834","","McKale Center,","Tucson, AZ",""
"135835","","McKale Center,","Tucson, AZ",""
"135836","","37860 W Smith Enke Rd","Maricopa","Arizona"
"135838","","","",""
"135839","","","",""
"135847","College of Education, 1430 E. Second St. Room 453,","World of Words,","Tucson, AZ",""
"135849","","","",""
"135850","Room 321","Sonett Space Sciences Building","Tucson","Arizona"
"135851","","1601 E University Blvd.","Tucson","Arizona"
"135852","","1601 E University Blvd.","Tucson","Arizona"
"135853","","","",""
"135854","","","",""
"135855","","","",""
"135856","311","Chemistry","Tucson","Arizona"
"135861","","Pauley Pavilion,","Los Angeles, CA",""
"135862","","Galen Center,","Los Angeles, CA",""
"135863","","McKale Center,","Tucson, AZ",""
"135864","","McKale Center,","Tucson, AZ",""
"135865","44 North Stone Ave.","FORGE at Roy Place","Tucson","Arizona"
"135866","","Maples Pavilion,","Stanford, CA",""
"135868","","Haas Pavilion,","Berkeley, CA",""
"135871","","CU Events Center,","Boulder, CO",""
"135872","","McKale Center,","Tucson, AZ",""
"135873","","McKale Center,","Tucson, AZ",""
"135874","","McKale Center,","Tucson, AZ",""
"135875","","Desert Financial Arena,","Tempe, AZ",""
"135879","Crowder Hall","1017 North Olive Road","Tucson","Arizona"
"135880","","","",""
"135881","","1600 E 1st St","Tucson","Arizona"
"135882","","1600 E 1st St","Tucson","Arizona"
"135883","","","Tucson","Arizona"
"135884","","1600 E 1st St","Tucson","Arizona"
"135885","","1600 E 1st St","Tucson","Arizona"
"135886","","","",""
"135887","","1600 E 1st St","Tucson","Arizona"
"135888","","1600 E 1st St","Tucson","Arizona"
"135889","1501 N. Campbell Ave.","University of Arizona College of Medicine  Tucson Lecture Hall, Room 5403 (5th Flr)","Tucson","Arizona"
"135893","","","",""
"135894","","","",""
"135898","318 E. Congress St.","The Rialto Theatre,","Tucson, AZ",""
"135899","110","Bryant Bannister Tree Ring Bld","Tucson","Arizona"
"135902","","1601 E University Blvd.","Tucson","Arizona"
"135903","","1601 E University Blvd.","Tucson","Arizona"
"135904","","","",""
"135905","","","",""
"135907","","","",""
"135912","Room N595","1064 E. Lowell St.","Tucson","Arizona"
"135913","","380 N. 1st Avenue","Phoenix","Arizona"
"135914","Museum of Art","1031 N Olive Road","Tucson","Arizona"
"135915","","650 N Park Ave.","Tucson","Arizona"
"135916","","311 E. Congress St.","Tucson","Arizona"
"135918","","1025 N Olive Rd","Tucson","Arizona"
"135919","","1025 N Olive Rd","Tucson","Arizona"
"135920","550","Steward Observatory","Tucson","Arizona"
"135923","1305 W. Naranja Dr.","Oro Valley Public Library ","Oro Valley, AZ",""
"135924","1508 E. Helen St.","UA Poetry Center,","Tucson, AZ",""
"135925","1508 E. Helen St.","UA Poetry Center,","Tucson, AZ",""
"135926","","1508 E Helen St.","Tucson","Arizona"
"135927","","1508 E Helen St.","Tucson","Arizona"
"135928","","1508 E Helen St.","Tucson","Arizona"
"135929","","1508 E Helen St.","Tucson","Arizona"
"135930","","1508 E Helen St.","Tucson","Arizona"
"135931","","1508 E Helen St.","Tucson","Arizona"
"135932","1508 E. Helen St.","Poetry Center,","Tucson, AZ",""
"135933","","1508 E Helen St.","Tucson","Arizona"
"135947","","","",""
"135949","","","",""
"135951","1303 E. University Blvd.","Student Union Memorial Center, Kiva Room,","Tucson, AZ",""
"135952","845 N. Park Ave.","Marshall Building, Room 284,","Tucson, AZ",""
"135955","1600 E. 1st St.","Graduate Center,","Tucson, AZ",""
"135960","933 N. Cherry Ave.","Steward Observatory, Room N210,","Tucson, AZ",""
"135961","933 N. Cherry Ave.","Steward Observatory, Room N210,","Tucson, AZ",""
"135966","","1295 N Martin Ave","Tucson","Arizona"
"135967","","1100 E University Blvd","Tucson","Arizona"
"135969","","1040 E 4th St","Tucson","Arizona"
"135970","","1600 E 1st St","Tucson","Arizona"
"135971","","","",""
"135973","1201 E. Speedway Blvd.","College of Law, Room 168,","Tucson, AZ",""
"135975","1428 E. University Blvd.","Bear Down Gym,","Tucson, AZ",""
"135976","1423 E. University Blvd.","Modern Languages Building, Room 445,","Tucson, AZ",""
"135978","1508 E. Helen St.","Poetry Center,","Tucson, AZ",""
"135979","1508 E. Helen St.","Poetry Center,","Tucson, AZ",""
"135987","1508 E. Helen St.","Poetry Center,","Tucson, AZ",""
"135988","1508 E. Helen St.","Poetry Center,","Tucson, AZ",""
"135989","1305 W. Naranja Dr.","Oro Valley Public Library,","Tucson, AZ",""
"135990","1306 E. University Blvd.","Chemistry Building, Room 311,","Tucson, AZ",""
"135992","Rm. 5403","Arizona Health Sciences Center","Tucson","Arizona"
"135993","Rm. 103","Richard P. Harvill Bldg. ","Tucson","Arizona"
